m,n,R,s,seed,ker_dim,s_val,decomp_error,w
2,,1,0,0,0,0.14223872518456568,,
2,,1,1,0,1,,0.0,0.0
2,,2,2,0,2,0.616576642975077,1.8824747269678055e-16,0.0
3,,3,0,0,0,0.16286020987090374,,
3,,3,1,0,1,0.15871590209913058,3.3471588646199093e-16,1.1102230246251565e-16
3,,3,2,0,2,0.014989635185815139,2.494630221237382e-15,2.220446049250313e-16
3,,3,3,0,3,0.4935289151026522,4.870086550123493e-15,0.0
3,,4,4,0,4,0.053480960740698205,1.2411893360883527e-14,0.0
4,,5,0,0,0,0.15739237265585093,,
4,,6,1,0,1,0.007987447203919227,4.2283951447015726e-16,0.0
4,,6,2,0,2,0.034408618558584916,7.113693656562821e-15,0.0
4,,6,3,0,3,0.010709480695821904,1.1654346822467754e-14,0.0
4,,6,4,0,4,0.0311275811539366,1.4511026527571327e-14,1.1102230246251565e-16
4,,6,5,0,5,0.13416088160702327,4.7443767580789665e-15,0.0
4,,6,6,0,6,0.06656407849593372,1.5426845073351133e-14,0.0
5,,9,0,0,0,0.0185627962916472,,
5,,9,1,0,1,0.06540443042660192,6.871796958000164e-16,0.0
5,,9,2,0,2,0.016469781246495927,1.3448366798566939e-14,0.0
5,,9,3,0,3,0.0546267066067245,1.0605684830514045e-14,0.0
5,,9,4,0,4,0.010857999114849646,7.02363275039907e-14,1.1102230246251565e-16
5,,10,5,0,5,0.007297509787440105,7.446820394427153e-13,0.0
5,,10,6,0,6,0.004602129511554171,1.9186102599990706e-13,1.1102230246251565e-16
5,,10,7,0,7,0.0053589534011123955,6.568109335981854e-12,1.1102230246251565e-16
5,,10,8,0,8,0.0007775071638881239,1.4758418671602426e-12,1.1102230246251565e-16
5,,10,9,0,9,0.0013718970591029753,7.338263005300532e-13,2.220446049250313e-16
5,,10,10,0,10,0.033872256839388264,3.866584781185782e-11,2.220446049250313e-16
6,,14,0,0,0,0.0018866115602417222,,
6,,14,1,0,1,0.005391982250151707,8.3015054491726e-15,0.0
6,,14,2,0,2,0.003162762000895953,2.0616571422605952e-14,1.1102230246251565e-16
6,,14,3,0,3,0.005557704755002249,4.1677412480626644e-14,3.3306690738754696e-16
6,,14,4,0,4,0.007686589314356873,2.4769993007084523e-14,1.1102230246251565e-16
6,,14,5,0,5,0.01217912231326853,5.475921016965866e-13,1.1102230246251565e-16
6,,14,6,0,6,0.006653529194553285,5.694126436961515e-12,1.1102230246251565e-16
6,,14,7,0,7,0.00983522253833399,1.1481048175611002e-12,1.1102230246251565e-16
6,,14,8,0,8,0.0021856621262836616,1.2800891614638948e-13,1.1102230246251565e-16
6,,14,9,0,9,0.002740594397372883,2.3679502716673543e-12,1.1102230246251565e-16
6,,14,10,0,10,0.019409249393734715,1.3375203589729965e-13,1.1102230246251565e-16
6,,14,11,0,11,0.029247324288686264,1.3583741149433672e-13,1.1102230246251565e-16
6,,14,12,0,12,0.0022666049189708475,2.8904850412851297e-13,1.1102230246251565e-16
6,,14,13,0,13,0.009679646972935661,2.908831655888964e-13,2.220446049250313e-16
6,,14,14,0,14,0.012890589599108847,1.7122482303832507e-12,2.220446049250313e-16
6,,15,15,0,15,0.0015856308557840476,4.327517488227688e-12,2.220446049250313e-16
7,,19,0,0,0,0.01277080460494442,,
7,,19,1,0,1,0.009778703278780922,2.9082966326223785e-15,0.0
7,,19,2,0,2,0.014300491835099342,1.6847343714970598e-13,0.0
7,,19,3,0,3,0.013435497863605437,4.760930272933669e-14,0.0
7,,19,4,0,4,0.01653742325496923,1.9847585164351285e-14,0.0
7,,19,5,0,5,0.008827642396142133,7.440871126621257e-14,0.0
7,,19,6,0,6,0.012624115665939555,4.164735244103276e-14,1.1102230246251565e-16
7,,19,7,0,7,0.019380467386938133,2.86950938036243e-13,3.3306690738754696e-16
7,,19,8,0,8,0.008919587862691803,4.1451183018495373e-13,0.0
7,,19,9,0,9,0.014488294675788249,3.03471283881209e-13,3.3306690738754696e-16
7,,19,10,0,10,0.012977648137372521,2.732448625253837e-13,1.1102230246251565e-16
7,,19,11,0,11,0.013988440728280475,2.2271595813738072e-12,2.220446049250313e-16
7,,19,12,0,12,0.021416572097716503,3.137015204577183e-13,2.220446049250313e-16
7,,19,13,0,13,0.011112454020303801,2.0600561067097743e-12,1.1102230246251565e-16
7,,20,14,0,14,0.0011544441942313865,4.835266815867268e-12,1.1102230246251565e-16
7,,20,15,0,15,0.000736654778148467,6.816126223418317e-10,2.220446049250313e-16
7,,20,16,0,16,0.0009633414323468856,2.829284045436221e-11,1.1102230246251565e-16
7,,20,17,0,17,0.00115298814091736,5.81771136945884e-12,1.1102230246251565e-16
7,,20,18,0,18,0.003385821586024647,5.024844460541183e-11,1.1102230246251565e-16
7,,20,19,0,19,0.003180183180859491,3.8083978898867324e-11,2.220446049250313e-16
7,,20,20,0,20,0.0014844114885857688,2.4012625581314105e-12,3.3306690738754696e-16
8,,25,0,0,0,0.009392383849023626,,
8,,25,1,0,1,0.012450051804904966,3.710835984733134e-15,1.1102230246251565e-16
8,,25,2,0,2,0.011653279513887161,1.6612250724207118e-14,2.220446049250313e-16
8,,25,3,0,3,0.012346490040198627,1.172974212242607e-13,0.0
8,,25,4,0,4,0.015062671483524623,4.857535894522551e-14,2.220446049250313e-16
8,,25,5,0,5,0.010319849939638647,9.289499161694735e-13,1.1102230246251565e-16
8,,25,6,0,6,0.013975072023297303,7.167575634414181e-13,1.1102230246251565e-16
8,,25,7,0,7,0.010723465834688637,9.089030299998868e-13,3.3306690738754696e-16
8,,25,8,0,8,0.008224245406402519,1.916540071951277e-12,3.3306690738754696e-16
8,,25,9,0,9,0.004709355333364619,1.3515736861884865e-13,4.440892098500626e-16
8,,25,10,0,10,0.01266478954813524,1.9936703821764903e-12,4.440892098500626e-16
8,,25,11,0,11,0.013421494110126962,4.412523635889457e-13,2.220446049250313e-16
8,,25,12,0,12,0.004028356160159083,4.92329736108596e-12,4.440892098500626e-16
8,,25,13,0,13,0.012151750658008758,8.267231163898726e-13,2.220446049250313e-16
8,,25,14,0,14,0.014733398694749102,2.256961431524007e-12,5.551115123125783e-16
8,,26,15,0,15,0.0005213820191897193,2.1448654891706202e-12,2.220446049250313e-16
8,,26,16,0,16,0.0012663598853062405,1.0787360033446988e-11,3.3306690738754696e-16
8,,26,17,0,17,0.0008399158579071409,4.213330325594657e-12,2.220446049250313e-16
8,,26,18,0,18,0.0024877619864473156,8.380728824500547e-11,4.440892098500626e-16
8,,26,19,0,19,0.0032385423197061267,4.045982722050645e-12,4.440892098500626e-16
8,,26,20,0,20,0.002594880118288102,6.4083154882494944e-12,4.440892098500626e-16
8,,26,21,0,21,0.002099734069250859,2.17875324314002e-12,2.220446049250313e-16
8,,26,22,0,22,0.0016788636945622413,1.0539480360134976e-11,2.220446049250313e-16
8,,26,23,0,23,0.002466930565064597,4.001448083270745e-11,2.220446049250313e-16
8,,26,24,0,24,0.0018382820903977584,2.7255903082898007e-11,2.220446049250313e-16
8,,26,25,0,25,0.0018202757543800538,5.996437410431354e-12,3.3306690738754696e-16
8,,26,26,0,26,0.0016212779692317723,1.7354901394702838e-11,3.3306690738754696e-16
9,,32,0,0,0,0.005559605323862767,,
9,,32,1,0,1,0.006515218780890636,7.868917848364879e-15,1.1102230246251565e-16
9,,32,2,0,2,0.008181574879677427,1.3810733532441156e-14,1.1102230246251565e-16
9,,32,3,0,3,0.004120963275760443,1.4347191495317035e-13,0.0
9,,32,4,0,4,0.01032640349074374,3.641099259875502e-14,3.3306690738754696e-16
9,,32,5,0,5,0.00962578111441371,1.0325417651403731e-11,3.3306690738754696e-16
9,,32,6,0,6,0.009780406718079343,1.1424401018006557e-12,2.220446049250313e-16
9,,32,7,0,7,0.011431434898566614,3.838814275396913e-13,1.1102230246251565e-16
9,,32,8,0,8,0.00515675366674165,1.7392628841514133e-11,2.220446049250313e-16
9,,32,9,0,9,0.007788605989761128,2.4390879671902196e-13,2.220446049250313e-16
9,,32,10,0,10,0.008915213498273983,3.5099296670287036e-13,4.440892098500626e-16
9,,32,11,0,11,0.008890721137283578,3.750914006480577e-11,2.220446049250313e-16
9,,32,12,0,12,0.007146288005367713,1.5337315012697673e-12,4.440892098500626e-16
9,,32,13,0,13,0.008546684916447259,1.5803418156341602e-12,5.551115123125783e-16
9,,32,14,0,14,0.008832537069359037,7.800455304233442e-11,0.0
9,,32,15,0,15,0.010082542339143356,3.864544719996218e-11,2.220446049250313e-16
9,,32,16,0,16,0.007357060001345092,1.960395387124505e-12,4.440892098500626e-16
9,,32,17,0,17,0.0037215695338307596,3.8181439301717703e-11,3.3306690738754696e-16
9,,32,18,0,18,0.01086646896757582,4.587453280754383e-12,3.3306690738754696e-16
9,,32,19,0,19,0.01040333938646504,6.980470216860311e-11,5.551115123125783e-16
9,,32,20,0,20,0.009321872987111944,3.4637019455212356e-12,4.440892098500626e-16
9,,33,21,0,21,0.00028882201705474796,1.1146774888266522e-10,3.3306690738754696e-16
9,,33,22,0,22,0.0009331587177372621,1.0393539610653803e-10,5.551115123125783e-16
9,,33,23,0,23,0.002390806607765054,7.111460831198342e-11,4.440892098500626e-16
9,,33,24,0,24,0.0013857621280203244,4.921637711220318e-11,3.3306690738754696e-16
9,,33,25,0,25,0.0013335746985437252,3.0539288154275544e-11,2.220446049250313e-16
9,,33,26,0,26,0.0007495551518432712,1.685148683203935e-11,3.3306690738754696e-16
9,,33,27,0,27,0.0014400433871179965,8.014415795355995e-11,2.220446049250313e-16
9,,33,28,0,28,0.002849748946460494,5.59746195790355e-11,3.3306690738754696e-16
9,,33,29,0,29,0.0007988600541613423,1.2878859364581523e-09,3.3306690738754696e-16
9,,33,30,0,30,0.001944234759903504,8.805791592724977e-11,2.220446049250313e-16
9,,33,31,0,31,0.0012833994567514825,4.539976638105599e-10,2.220446049250313e-16
9,,33,32,0,32,0.0032774812022088712,8.665236952552705e-12,3.3306690738754696e-16
9,,33,33,0,33,0.0012280019706531798,1.757257227194806e-11,3.3306690738754696e-16
10,,40,0,0,0,0.001911174445446786,,
10,,40,1,0,1,0.002874864249320275,7.000045661304832e-15,1.1102230246251565e-16
10,,40,2,0,2,0.0023172821949867047,5.295913902465766e-14,4.440892098500626e-16
10,,40,3,0,3,0.004476914346818122,6.364785380228882e-14,3.3306690738754696e-16
10,,40,4,0,4,0.003328465413540977,9.729800547147168e-13,0.0
10,,40,5,0,5,0.0015896971866486457,3.3052574450030615e-13,3.3306690738754696e-16
10,,40,6,0,6,0.00244673577593468,1.7567267875393808e-12,1.1102230246251565e-16
10,,40,7,0,7,0.005545983911054467,5.339167092129275e-13,2.220446049250313e-16
10,,40,8,0,8,0.00459674167057715,5.945464483766992e-13,2.220446049250313e-16
10,,40,9,0,9,0.005144689555382074,3.4000009207616766e-12,1.1102230246251565e-16
10,,40,10,0,10,0.005395432563500467,2.3307627124764516e-11,5.551115123125783e-16
10,,40,11,0,11,0.005431998787988738,2.029546950548262e-12,2.220446049250313e-16
10,,40,12,0,12,0.0060359088685133415,1.6475758155239223e-11,1.1102230246251565e-16
10,,40,13,0,13,0.003095864214944983,5.838825279838386e-12,1.1102230246251565e-16
10,,40,14,0,14,0.002915278295654893,1.1198321409515429e-10,3.3306690738754696e-16
10,,40,15,0,15,0.004995452506761815,8.454281190540539e-13,2.220446049250313e-16
10,,40,16,0,16,0.005062826801534825,3.3089250876458452e-12,5.551115123125783e-16
10,,40,17,0,17,0.003067376240841884,5.4123877071462206e-11,1.1102230246251565e-16
10,,40,18,0,18,0.0054088994820230924,1.7822282001099966e-12,4.440892098500626e-16
10,,40,19,0,19,0.007732482623002819,4.610505976469637e-11,4.440892098500626e-16
10,,40,20,0,20,0.0038588427905125095,1.0755110718401803e-11,2.220446049250313e-16
10,,40,21,0,21,0.006008698776130945,4.793280851481899e-12,3.3306690738754696e-16
10,,40,22,0,22,0.007288546597924775,8.126384672776861e-11,2.220446049250313e-16
10,,40,23,0,23,0.005350459070871311,4.173709113491207e-11,3.3306690738754696e-16
10,,40,24,0,24,0.007202824948574982,6.8396382681874345e-12,3.3306690738754696e-16
10,,40,25,0,25,0.00679201220602278,8.756435216088777e-12,2.220446049250313e-16
10,,40,26,0,26,0.007946777197975909,2.3444553367671727e-11,2.220446049250313e-16
10,,40,27,0,27,0.005310190130997084,8.985526503797233e-12,5.551115123125783e-16
10,,40,28,0,28,0.006698403192093682,7.943989229839812e-11,3.3306690738754696e-16
10,,40,29,0,29,0.007224771468557804,4.893733498834203e-12,4.440892098500626e-16
10,,40,30,0,30,0.0053821081447428774,6.175432926865171e-11,5.551115123125783e-16
10,,40,31,0,31,0.00605312786166332,3.348723158521387e-10,2.220446049250313e-16
10,,40,32,0,32,0.006068784720997867,5.14578219076116e-10,3.3306690738754696e-16
10,,40,33,0,33,0.00889908076904406,2.1806354509653202e-10,3.3306690738754696e-16
10,,40,34,0,34,0.008364002825745516,1.0870022936749435e-11,4.440892098500626e-16
10,,40,35,0,35,0.00803993762846875,2.195634061073843e-10,4.440892098500626e-16
10,,41,36,0,36,3.378012575178026e-05,7.776728061050167e-10,3.3306690738754696e-16
10,,41,37,0,37,0.00032126803605550617,5.092031856176226e-11,4.440892098500626e-16
10,,41,38,0,38,0.0005277682748826273,8.10336222318593e-10,5.551115123125783e-16
10,,41,39,0,39,0.0005669753117560054,3.3024414347475015e-11,7.771561172376096e-16
10,,41,40,0,40,0.0009983330456657617,1.7514032322010903e-09,5.551115123125783e-16
10,,41,41,0,41,0.0007818818947613682,4.095133352908114e-11,6.661338147750939e-16
11,,48,0,0,0,0.008174926669678974,,
11,,48,1,0,1,0.010857827539967939,3.614947528943387e-15,0.0
11,,48,2,0,2,0.008853808675130463,2.0681351426816918e-13,0.0
11,,48,3,0,3,0.009093705284525334,1.457004831044588e-13,1.1102230246251565e-16
11,,48,4,0,4,0.010260479428406723,9.172452348492928e-14,3.3306690738754696e-16
11,,48,5,0,5,0.010942042116772811,3.0661377984274913e-12,4.440892098500626e-16
11,,48,6,0,6,0.011243572539087624,1.8506365556325186e-13,1.1102230246251565e-16
11,,48,7,0,7,0.006994784252734994,8.509033762293757e-13,4.440892098500626e-16
11,,48,8,0,8,0.010471097375899895,1.3790780340902685e-12,4.440892098500626e-16
11,,48,9,0,9,0.009482731877972774,5.059245892782569e-13,1.1102230246251565e-16
11,,48,10,0,10,0.009952571800232643,2.7296518936603505e-12,4.440892098500626e-16
11,,48,11,0,11,0.011926242159571368,1.2917149671984416e-12,2.220446049250313e-16
11,,48,12,0,12,0.01349389170978091,2.9593180977244496e-12,5.551115123125783e-16
11,,48,13,0,13,0.009482636034883848,1.485961420246555e-11,3.3306690738754696e-16
11,,48,14,0,14,0.009883620715191182,5.748101035447579e-12,3.3306690738754696e-16
11,,49,15,0,15,0.0003138466182282291,2.599860524169399e-11,3.3306690738754696e-16
11,,49,16,0,16,0.0006618372544174553,1.1274656267644262e-09,4.440892098500626e-16
11,,49,17,0,17,0.0002694131547169097,4.3960816969910926e-11,3.3306690738754696e-16
11,,49,18,0,18,0.0006771849089223852,2.569380961213162e-10,2.220446049250313e-16
11,,49,19,0,19,0.001035993070564415,6.768471598134736e-11,6.661338147750939e-16
11,,49,20,0,20,0.0020634935076377977,5.113442756023501e-10,3.3306690738754696e-16
11,,49,21,0,21,0.0010080537009614415,1.7479295584508758e-10,3.3306690738754696e-16
11,,49,22,0,22,0.0007292202221012685,8.522446593019618e-10,4.440892098500626e-16
11,,49,23,0,23,0.0020958681694101967,8.067815376602738e-11,5.551115123125783e-16
11,,49,24,0,24,0.0020113893257764216,4.23156223353923e-09,4.440892098500626e-16
11,,49,25,0,25,0.0025133147059074015,1.892565855833152e-11,3.3306690738754696e-16
11,,49,26,0,26,0.0028996495534675502,7.056258089727761e-10,3.3306690738754696e-16
11,,49,27,0,27,0.0021776601295554862,3.2394574029760945e-11,4.440892098500626e-16
11,,49,28,0,28,0.003144078729944919,3.0050762841188124e-11,4.440892098500626e-16
11,,49,29,0,29,0.0021841666375738153,1.3639966964854362e-10,5.551115123125783e-16
11,,49,30,0,30,0.0014792174309553663,4.6311018546590666e-11,4.440892098500626e-16
11,,49,31,0,31,0.0024915393099697856,1.8250443098117055e-10,5.551115123125783e-16
11,,49,32,0,32,0.0036945515820971156,1.563044918908491e-10,4.440892098500626e-16
11,,49,33,0,33,0.0019789638039355985,1.8693708484307416e-09,5.551115123125783e-16
11,,49,34,0,34,0.003682025328831981,1.534517788596256e-09,2.220446049250313e-16
11,,49,35,0,35,0.0029871831908352695,5.309871152423116e-10,2.220446049250313e-16
11,,49,36,0,36,0.0034095024678439854,3.1220602931252944e-11,3.3306690738754696e-16
11,,49,37,0,37,0.0036871495315540827,5.797689025601446e-10,4.440892098500626e-16
11,,49,38,0,38,0.0035129733232853195,9.196354665237481e-11,4.440892098500626e-16
11,,49,39,0,39,0.0034863834389250842,5.743548074444464e-11,4.440892098500626e-16
11,,49,40,0,40,0.002739435623595675,9.440462274506406e-11,6.661338147750939e-16
11,,49,41,0,41,0.0024344981661985204,2.5662810527448056e-10,5.551115123125783e-16
11,,49,42,0,42,0.0034775272386212324,6.50699348529387e-10,4.440892098500626e-16
11,,49,43,0,43,0.003341048709329154,7.137111664701519e-11,3.3306690738754696e-16
11,,49,44,0,44,0.003983939875784394,4.9023927196795904e-11,5.551115123125783e-16
11,,49,45,0,45,0.004123061222785468,8.124508475860771e-11,9.992007221626409e-16
11,,49,46,0,46,0.004907628555324419,1.4466487927318813e-10,5.551115123125783e-16
11,,49,47,0,47,0.002754354845667134,4.895551419691726e-11,4.440892098500626e-16
11,,49,48,0,48,0.004375067419176022,2.0475369920062473e-11,4.440892098500626e-16
11,,49,49,0,49,0.0040154162890059675,2.411564094734787e-11,3.3306690738754696e-16
12,,58,0,0,0,0.0017806673260197096,,
12,,58,1,0,1,0.001748646138666212,2.1418891049775163e-14,0.0
12,,58,2,0,2,0.0014677555980342977,8.644119708000693e-14,0.0
12,,58,3,0,3,0.001905829805397078,1.051503917260218e-11,3.3306690738754696e-16
12,,58,4,0,4,0.0021108358624217635,1.698309727517138e-13,5.551115123125783e-16
12,,58,5,0,5,0.0030977802483887562,4.247998880532506e-12,2.220446049250313e-16
12,,58,6,0,6,0.00218150231044384,6.885240151118959e-12,3.3306690738754696e-16
12,,58,7,0,7,0.0028587736097982937,6.199295941612964e-13,5.551115123125783e-16
12,,58,8,0,8,0.0024697497456879756,8.00756091185176e-12,1.1102230246251565e-16
12,,58,9,0,9,0.0025541557965693693,1.2189418880137512e-11,4.440892098500626e-16
12,,58,10,0,10,0.002071346511878397,1.3900452513566085e-12,4.440892098500626e-16
12,,58,11,0,11,0.00318770230594353,9.773043059518753e-11,2.220446049250313e-16
12,,58,12,0,12,0.0024160311257026786,7.993831855286492e-12,1.1102230246251565e-16
12,,58,13,0,13,0.0037797307173988593,1.2436249210326192e-11,3.3306690738754696e-16
12,,58,14,0,14,0.003703950362181388,2.253669415511837e-12,3.3306690738754696e-16
12,,58,15,0,15,0.0025306473904187017,6.173403461846547e-11,4.440892098500626e-16
12,,58,16,0,16,0.004014142077354268,6.224734520427513e-11,4.440892098500626e-16
12,,58,17,0,17,0.003631118869454801,2.971686962380617e-11,4.440892098500626e-16
12,,58,18,0,18,0.003670326542952628,1.1710045914155782e-11,4.440892098500626e-16
12,,58,19,0,19,0.0038085699086184413,6.268205354133928e-11,4.440892098500626e-16
12,,58,20,0,20,0.005122722905343893,5.473276932958227e-11,5.551115123125783e-16
12,,58,21,0,21,0.0037569326909024214,1.9451429914019877e-11,6.661338147750939e-16
12,,58,22,0,22,0.0032634329054287074,1.8906614932361257e-11,4.440892098500626e-16
12,,58,23,0,23,0.004445162153354655,4.58727511718389e-11,3.3306690738754696e-16
12,,58,24,0,24,0.004273508800297662,2.0542733274624873e-11,3.3306690738754696e-16
12,,58,25,0,25,0.005351163839219449,1.0819623256408397e-10,3.3306690738754696e-16
12,,58,26,0,26,0.004780607085681976,2.431187803713988e-10,4.440892098500626e-16
12,,58,27,0,27,0.004631514767083673,1.8049173866869172e-10,4.440892098500626e-16
12,,58,28,0,28,0.003949421905088483,1.0219949400191041e-08,5.551115123125783e-16
12,,58,29,0,29,0.005742022961603261,1.2697455780329563e-10,6.661338147750939e-16
12,,58,30,0,30,0.00474971361577335,2.275837896454157e-10,4.440892098500626e-16
12,,58,31,0,31,0.0045903436255678755,2.1979881515755544e-10,4.440892098500626e-16
12,,58,32,0,32,0.004633330998568229,1.9893397642645544e-11,5.551115123125783e-16
12,,58,33,0,33,0.005535035186986563,4.420520437735226e-11,5.551115123125783e-16
12,,58,34,0,34,0.006330223511008538,3.5308789072957845e-09,3.3306690738754696e-16
12,,58,35,0,35,0.005918698907678502,6.522250815006528e-11,5.551115123125783e-16
12,,58,36,0,36,0.004289196700868048,5.829064215559834e-11,2.220446049250313e-16
12,,58,37,0,37,0.007222828139511673,1.7248277694416454e-10,7.771561172376096e-16
12,,58,38,0,38,0.004383573938920232,5.8005914338485637e-11,5.551115123125783e-16
12,,58,39,0,39,0.004279544667040966,7.589674521681419e-11,4.440892098500626e-16
12,,58,40,0,40,0.0045932159210458285,4.612078368621448e-11,3.3306690738754696e-16
12,,58,41,0,41,0.005738085498934559,1.1889206163514502e-09,4.440892098500626e-16
12,,58,42,0,42,0.004632687017822457,5.7110407789020496e-11,4.440892098500626e-16
12,,58,43,0,43,0.005640100097798501,5.278185781318902e-10,5.551115123125783e-16
12,,58,44,0,44,0.00529555007891831,5.941890549371002e-11,8.881784197001252e-16
12,,58,45,0,45,0.006104220210671947,9.493496692857858e-10,5.551115123125783e-16
12,,58,46,0,46,0.00597543448596937,8.836971237414607e-11,6.661338147750939e-16
12,,58,47,0,47,0.005252574441022028,1.182404655061114e-10,4.440892098500626e-16
12,,58,48,0,48,0.006643572683889723,3.0647284007468693e-10,3.3306690738754696e-16
12,,58,49,0,49,0.005816125093941617,3.5573891817667437e-10,3.3306690738754696e-16
12,,58,50,0,50,0.0050654353221108875,1.7558813724993558e-10,7.771561172376096e-16
12,,58,51,0,51,0.006286228035527259,5.880074242369268e-11,3.3306690738754696e-16
12,,58,52,0,52,0.005535165682082256,5.514614639525704e-10,5.551115123125783e-16
12,,58,53,0,53,0.00677100742263131,6.79108313151133e-11,7.771561172376096e-16
12,,59,54,0,54,0.000123223017835169,2.829991844060491e-08,6.661338147750939e-16
12,,59,55,0,55,0.0002313534499555318,1.3838712747877968e-09,5.551115123125783e-16
12,,59,56,0,56,0.0004706857457287847,2.256330247669827e-09,6.661338147750939e-16
12,,59,57,0,57,0.00022306288397172506,3.1946352013238846e-10,1.1102230246251565e-15
12,,59,58,0,58,0.0005262958793592878,3.1155282264272917e-10,3.3306690738754696e-16
12,,59,59,0,59,0.0006355826258105918,5.398122318919152e-10,5.551115123125783e-16
13,,68,0,0,0,0.0022214358261738822,,
13,,68,1,0,1,0.0030910189243837684,1.4164331624725175e-14,0.0
13,,68,2,0,2,0.00376344530976125,9.069537849688159e-14,2.220446049250313e-16
13,,68,3,0,3,0.0036677155096539807,3.3821980125646998e-12,3.3306690738754696e-16
13,,68,4,0,4,0.0037790525280002895,2.0083236763679116e-13,2.220446049250313e-16
13,,68,5,0,5,0.0037930120574091535,6.854925198450103e-13,4.440892098500626e-16
13,,68,6,0,6,0.004042327575325071,5.694975930274929e-13,3.3306690738754696e-16
13,,68,7,0,7,0.003722142004248712,2.832164072842603e-12,0.0
13,,68,8,0,8,0.00396232662095547,8.750931122446107e-12,3.3306690738754696e-16
13,,68,9,0,9,0.004170772189937646,8.510743663861756e-13,2.220446049250313e-16
13,,68,10,0,10,0.0034438481203074986,5.857941927661116e-12,2.220446049250313e-16
13,,68,11,0,11,0.004386526123634658,1.0704765159022483e-12,4.440892098500626e-16
13,,68,12,0,12,0.00459186129988593,1.4018206525380427e-12,4.440892098500626e-16
13,,68,13,0,13,0.004379820047823187,9.849669102770386e-12,3.3306690738754696e-16
13,,68,14,0,14,0.004721094170186986,1.745692413146493e-11,2.220446049250313e-16
13,,68,15,0,15,0.005040761101822962,7.11049827205471e-11,5.551115123125783e-16
13,,68,16,0,16,0.004935904197849585,3.4635519985430866e-12,2.220446049250313e-16
13,,68,17,0,17,0.004245243823621367,2.541470004253997e-12,4.440892098500626e-16
13,,68,18,0,18,0.0037439196836383244,3.364306560604339e-11,8.881784197001252e-16
13,,68,19,0,19,0.003900768440080119,1.4126376488092046e-10,4.440892098500626e-16
13,,68,20,0,20,0.005136293167244322,2.848589439860483e-11,4.440892098500626e-16
13,,68,21,0,21,0.00552181179713084,1.7398231420228604e-10,3.3306690738754696e-16
13,,68,22,0,22,0.005262200308140028,3.709815281526606e-11,4.440892098500626e-16
13,,68,23,0,23,0.005147436870619956,3.3484492451406765e-10,3.3306690738754696e-16
13,,68,24,0,24,0.0050918351905212145,5.858983995448806e-11,3.3306690738754696e-16
13,,68,25,0,25,0.0046372383232932,1.0251129879817043e-11,5.551115123125783e-16
13,,68,26,0,26,0.005728879121232608,1.2357726084346792e-11,4.440892098500626e-16
13,,68,27,0,27,0.006145041582884588,9.427702728498983e-11,6.661338147750939e-16
13,,68,28,0,28,0.005500428345917193,2.0843411899913067e-09,4.440892098500626e-16
13,,68,29,0,29,0.0052079600716404715,1.6899089248228196e-11,5.551115123125783e-16
13,,68,30,0,30,0.005932801616473002,6.722363247242021e-11,4.440892098500626e-16
13,,68,31,0,31,0.005828520198755363,1.8703204262880482e-10,3.3306690738754696e-16
13,,68,32,0,32,0.005721399378377629,9.34891121237019e-12,6.661338147750939e-16
13,,68,33,0,33,0.004503148400699559,1.5449108640489151e-10,4.440892098500626e-16
13,,68,34,0,34,0.005129942699539716,1.0950055122700613e-10,7.771561172376096e-16
13,,68,35,0,35,0.0052224466542735454,4.519936975322886e-11,5.551115123125783e-16
13,,68,36,0,36,0.005378760618069061,5.853611112598808e-11,6.661338147750939e-16
13,,68,37,0,37,0.005042449359741875,5.943134256186117e-11,8.881784197001252e-16
13,,68,38,0,38,0.006324827082249601,1.743515324476647e-09,5.551115123125783e-16
13,,68,39,0,39,0.005361355609151665,1.0872037248200182e-10,5.551115123125783e-16
13,,68,40,0,40,0.005709626769250634,9.281075074094191e-11,5.551115123125783e-16
13,,68,41,0,41,0.00570265172357104,7.973737625978073e-10,4.440892098500626e-16
13,,68,42,0,42,0.0062389365768535125,6.557606587326661e-11,4.440892098500626e-16
13,,68,43,0,43,0.004893009959060745,1.873597376140378e-10,5.551115123125783e-16
13,,68,44,0,44,0.006595883392263337,1.4290151334698221e-10,7.771561172376096e-16
13,,68,45,0,45,0.006997303730451745,3.567850355222512e-10,5.551115123125783e-16
13,,68,46,0,46,0.007883524949148958,7.890663058610091e-11,4.440892098500626e-16
13,,68,47,0,47,0.0059341910285042295,2.731154653543693e-10,5.551115123125783e-16
13,,68,48,0,48,0.005062390183493543,1.7245948170242438e-10,6.661338147750939e-16
13,,69,49,0,49,0.00023666674594789133,2.3605556774639794e-09,9.992007221626409e-16
13,,69,50,0,50,6.12343208122177e-05,7.917784609465671e-10,7.771561172376096e-16
13,,69,51,0,51,0.0005090923881233446,4.3418592183108236e-10,6.661338147750939e-16
13,,69,52,0,52,0.00044145512274214695,6.075944413272071e-09,3.3306690738754696e-16
13,,69,53,0,53,0.0005522974792154792,1.9607233924554888e-09,5.551115123125783e-16
13,,69,54,0,54,0.0007037235319472737,6.942154046181393e-10,5.551115123125783e-16
13,,69,55,0,55,0.0006352766648855528,8.820415593665394e-11,6.661338147750939e-16
13,,69,56,0,56,0.0009006060035995747,1.6858585446749895e-08,9.992007221626409e-16
13,,69,57,0,57,0.0008047438110459016,1.4994398339484534e-09,5.551115123125783e-16
13,,69,58,0,58,0.0010310326604395623,1.7349613825871347e-09,5.551115123125783e-16
13,,69,59,0,59,0.0009782718257158889,1.243713582498094e-09,5.551115123125783e-16
13,,69,60,0,60,0.0009103306647166969,4.466109215854504e-10,6.661338147750939e-16
13,,69,61,0,61,0.0009341237231237328,1.40456219142385e-09,7.771561172376096e-16
13,,69,62,0,62,0.0011249916916677635,5.852607252205449e-10,6.661338147750939e-16
13,,69,63,0,63,0.0014007148189073373,2.419674597296033e-10,7.771561172376096e-16
13,,69,64,0,64,0.0013820969994620537,4.1737783297607555e-10,6.661338147750939e-16
13,,69,65,0,65,0.0012905910171537853,5.031458197792668e-10,5.551115123125783e-16
13,,69,66,0,66,0.0012847790466486426,1.3317217215665602e-09,8.881784197001252e-16
13,,69,67,0,67,0.0016433376627697526,9.004415831554406e-10,7.771561172376096e-16
13,,69,68,0,68,0.0021474519775250673,4.802911718005581e-09,7.771561172376096e-16
13,,69,69,0,69,0.0012694915078458803,9.656827674598954e-11,5.551115123125783e-16
14,,79,0,0,0,0.003052310190884966,,
14,,79,1,0,1,0.003287559363893019,1.7243433584958266e-14,1.1102230246251565e-16
14,,79,2,0,2,0.0033207097781568465,5.526536412877863e-13,1.1102230246251565e-16
14,,79,3,0,3,0.0030321087137135465,2.376543982732235e-12,0.0
14,,79,4,0,4,0.003716534687650544,6.474086770102351e-13,0.0
14,,79,5,0,5,0.0038862657664939034,2.5121333096964753e-12,3.3306690738754696e-16
14,,79,6,0,6,0.0034029245908167713,1.021661476506216e-10,6.661338147750939e-16
14,,79,7,0,7,0.0035169553611850046,4.394708346477831e-12,5.551115123125783e-16
14,,79,8,0,8,0.004012929764746255,1.5131997366355239e-12,6.661338147750939e-16
14,,79,9,0,9,0.003837839573922597,2.226012484244672e-12,3.3306690738754696e-16
14,,79,10,0,10,0.004065203991420227,2.1048322411391394e-11,0.0
14,,79,11,0,11,0.0040318070661556505,2.6678959274553888e-11,6.661338147750939e-16
14,,79,12,0,12,0.0037703248574105573,6.0672184294929066e-12,0.0
14,,79,13,0,13,0.003760124163594679,6.9411398090299e-11,1.6653345369377348e-15
14,,79,14,0,14,0.0042085433253189015,2.0225752614164642e-11,3.3306690738754696e-16
14,,79,15,0,15,0.004699100168261892,3.6934725247497476e-11,3.3306690738754696e-16
14,,79,16,0,16,0.004390209790936092,4.8214597101218516e-11,6.661338147750939e-16
14,,79,17,0,17,0.004775647586857555,1.6243160727808958e-11,3.3306690738754696e-16
14,,79,18,0,18,0.00432947027125133,1.3204305097023861e-11,5.551115123125783e-16
14,,79,19,0,19,0.004929737186640106,1.0469742528436093e-10,5.551115123125783e-16
14,,79,20,0,20,0.004258326649072507,2.6980555779899066e-11,4.440892098500626e-16
14,,79,21,0,21,0.004450172026573529,2.3589928182811135e-11,3.3306690738754696e-16
14,,79,22,0,22,0.004453240175335086,6.18248574130215e-11,5.551115123125783e-16
14,,79,23,0,23,0.00483655271062476,3.349036211545113e-11,5.551115123125783e-16
14,,79,24,0,24,0.004134674178490078,2.9087840084958758e-11,2.220446049250313e-16
14,,79,25,0,25,0.004907658738679919,2.89788643457082e-09,5.551115123125783e-16
14,,79,26,0,26,0.0054556294955000785,2.082697967655088e-11,4.440892098500626e-16
14,,79,27,0,27,0.00452700488094558,5.231655059781041e-11,6.661338147750939e-16
14,,79,28,0,28,0.004818612417015299,7.334555190629542e-11,5.551115123125783e-16
14,,79,29,0,29,0.004551785064609604,2.653724949867537e-11,1.4432899320127035e-15
14,,79,30,0,30,0.004612665286799824,1.7108994028044914e-10,7.771561172376096e-16
14,,79,31,0,31,0.005024533982886871,5.780580517784739e-11,5.551115123125783e-16
14,,79,32,0,32,0.005073873162068902,7.662683881254764e-10,6.661338147750939e-16
14,,79,33,0,33,0.004274467193806615,1.638848931943265e-10,3.3306690738754696e-16
14,,79,34,0,34,0.005202054124347516,7.852571234022622e-11,6.661338147750939e-16
14,,79,35,0,35,0.005528325639484464,1.3565617310886078e-10,5.551115123125783e-16
14,,79,36,0,36,0.0053395959504522845,3.558459707181252e-11,5.551115123125783e-16
14,,79,37,0,37,0.004828378626107565,8.392453968028353e-10,6.661338147750939e-16
14,,79,38,0,38,0.004746237359964236,7.62836219373234e-10,6.661338147750939e-16
14,,79,39,0,39,0.005162909222704112,9.67222411479814e-09,6.661338147750939e-16
14,,79,40,0,40,0.00533373180827527,4.323346406472683e-10,6.661338147750939e-16
14,,79,41,0,41,0.005236896897954114,2.5797363186923114e-10,5.551115123125783e-16
14,,79,42,0,42,0.005113043722762753,9.683394459794881e-09,5.551115123125783e-16
14,,79,43,0,43,0.00565385932887829,1.4214666518526214e-10,5.551115123125783e-16
14,,79,44,0,44,0.0044466467916613175,1.4021041940016397e-10,5.551115123125783e-16
14,,79,45,0,45,0.005748683039755506,9.664852726297191e-10,4.440892098500626e-16
14,,79,46,0,46,0.005238500478238898,8.464148899006166e-10,5.551115123125783e-16
14,,79,47,0,47,0.0055721258896462775,5.386248868527189e-10,6.661338147750939e-16
14,,79,48,0,48,0.005215773367634005,6.03149990658251e-10,3.3306690738754696e-16
14,,79,49,0,49,0.006101705789027228,4.945428023771339e-10,5.551115123125783e-16
14,,79,50,0,50,0.0057949871951495585,3.6579559999237264e-11,8.881784197001252e-16
14,,79,51,0,51,0.005256294456452431,2.4746031986155454e-10,7.771561172376096e-16
14,,79,52,0,52,0.004595059049850808,3.7232247192871687e-09,6.661338147750939e-16
14,,79,53,0,53,0.006477753608856943,2.8016076095630497e-10,6.661338147750939e-16
14,,79,54,0,54,0.005283679185090102,4.5196173813596457e-10,6.661338147750939e-16
14,,80,55,0,55,0.00015912893894189364,2.998178806645273e-09,5.551115123125783e-16
14,,80,56,0,56,0.00022571001675192882,1.27305157207122e-09,6.661338147750939e-16
14,,80,57,0,57,0.0005007803645058399,8.932339889217766e-10,4.440892098500626e-16
14,,80,58,0,58,0.00022130436143941973,2.2382439794931123e-09,5.551115123125783e-16
14,,80,59,0,59,0.0005306084370982229,2.755211915892302e-09,7.771561172376096e-16
14,,80,60,0,60,0.0004224332235709509,9.21196369174445e-10,7.771561172376096e-16
14,,80,61,0,61,0.00044792144562883347,6.1308937782598105e-09,8.881784197001252e-16
14,,80,62,0,62,0.0006288714433185272,2.296474283298594e-09,5.551115123125783e-16
14,,80,63,0,63,0.0009122054773606636,1.077835443195367e-09,5.551115123125783e-16
14,,80,64,0,64,0.0008263500233174262,1.728496770562629e-09,5.551115123125783e-16
14,,80,65,0,65,0.0006199257952965372,1.4591937569672153e-09,7.771561172376096e-16
14,,80,66,0,66,0.0006625600495512154,1.5000171443440323e-09,5.551115123125783e-16
14,,80,67,0,67,0.0012713717313797392,9.505943971744148e-10,6.661338147750939e-16
14,,80,68,0,68,0.0006773567430374751,2.706289460182839e-09,9.992007221626409e-16
14,,80,69,0,69,0.0008542842328654915,2.5568970095304447e-08,7.771561172376096e-16
14,,80,70,0,70,0.001028941079307237,4.448303206514925e-10,5.551115123125783e-16
14,,80,71,0,71,0.0012070041583031328,2.791253649481093e-09,6.661338147750939e-16
14,,80,72,0,72,0.001231094441861655,6.216758248555583e-10,5.551115123125783e-16
14,,80,73,0,73,0.0011656118586372383,8.088936837937e-10,5.551115123125783e-16
14,,80,74,0,74,0.0010353990421774386,3.8641807358347466e-10,5.551115123125783e-16
14,,80,75,0,75,0.0009583459340208949,3.32849602984116e-10,5.551115123125783e-16
14,,80,76,0,76,0.0015608743767757602,1.432179659362194e-10,8.881784197001252e-16
14,,80,77,0,77,0.001301903378756108,1.0669453070522722e-08,6.661338147750939e-16
14,,80,78,0,78,0.0015226650258045023,3.765093562346167e-10,7.771561172376096e-16
14,,80,79,0,79,0.001803411789621707,7.760875981934534e-10,6.661338147750939e-16
14,,80,80,0,80,0.0016985648027280746,1.7096613144090766e-10,7.771561172376096e-16
